paraphraser,t1,t2,t3
chatgpt,0.3340137302875519,0.31397414207458496,0.29738059639930725
dipper,0.2158244103193283,0.18231520056724548,0.1666209101676941
palm,0.3575674295425415,0.3222658634185791,0.3086753189563751
pegasus,0.39929360151290894,0.3668632209300995,0.34549421072006226
