paraphraser,t1,t2,t3
chatgpt,0.2737549471522294,0.2581808124118428,0.2400960445693609
dipper,0.23391346912922795,0.2084560832114204,0.1922658878633883
palm,0.31851809432461864,0.2823062149435313,0.2662868299591179
pegasus,0.3765577237662013,0.34543718704457493,0.32389432305671945
